{"cameraMode":{"drawMode":0,"name":"Shaded","section":"Shading Mode"},"sceneLighting":true,"audioPlay":false,"sceneViewState":{"m_AlwaysRefresh":false,"showFog":true,"showSkybox":true,"showFlares":true,"showImageEffects":true,"showParticleSystems":true,"showVisualEffectGraphs":true,"m_FxEnabled":true},"in2DMode":false,"pivot":{"x":49.95329284667969,"y":-14.093964576721192,"z":69.0477294921875},"rotation":{"x":-0.023301273584365846,"y":0.7368547916412354,"z":-0.025867927819490434,"w":-0.6757449507713318},"size":0.8953233361244202,"orthographic":false}